loan_amnt,int_rate,annual_inc,dti,fico_range_low,grade,term,home_ownership
31216.702326875456,12.23566231857692,69034.92385315752,27.6041633197879,599,2,1,1
34532.06542110656,16.652541793907247,35251.58312060781,31.208555862116462,633,3,1,1
33501.859011524146,8.12647276855683,72195.2368840752,10.121250899374406,754,3,0,1
21561.415425559408,14.523601988136308,31008.86274145745,21.20898220284499,555,4,0,1
31987.237198237053,15.145538881071149,113659.129471931,18.50175918278676,680,3,0,1
27735.383313931077,19.664833787173013,34355.63890735618,34.68353392895169,727,2,1,1
26437.87768100187,9.031348922150578,78260.34619148265,17.5582182475499,514,3,1,2
8335.92446918454,6.577354134239901,49056.26998268544,33.844769737223366,651,1,0,0
7793.083034176976,7.279661427906662,51125.122931376325,27.70190501205704,642,3,1,2
24728.3867690103,24.066407682757795,33739.022460396394,24.078209804801325,798,3,1,0
19060.79479384911,10.878754786689653,100944.95651865374,18.01531768565733,529,4,1,1
25541.935176616375,13.223716756931283,36837.34708149143,24.905707817403567,556,0,1,0
34400.97725856431,13.427213922204778,69918.70438848947,14.84538448392836,617,2,0,1
19917.455176771564,18.882306898622208,52882.49986602448,6.010292116233921,763,0,1,2
32445.377032043,8.433819180957801,83626.77698693798,28.05743992739606,645,1,1,1
15098.128345817617,11.924506528619933,25000.0,8.007366911686299,738,1,1,0
15370.879805117584,18.106828059357326,69225.39192708473,29.730513417480484,658,1,1,1
26846.490458355787,6.555698377656624,45604.9390267752,7.847538104650091,655,4,1,2
32279.612062363463,17.891936152303174,26746.571534461164,7.270991819293624,678,4,1,2
19434.203055644524,16.44106118200532,121381.40301022286,31.938939405433658,630,4,1,1
20419.684674794324,17.14556080033401,48457.56629276109,11.795648781083171,503,1,1,2
16896.283469638103,20.00060115393946,49686.05234052566,12.585743547503334,730,0,1,2
6005.973042073381,8.850924629185702,81094.00370214248,15.832241790231116,733,2,0,0
12738.248831454668,7.947684831822906,26050.45591365364,21.90186052137921,571,0,0,1
20567.53115848513,18.20873879116864,25000.0,18.291011190128582,616,3,0,2
14026.34929450309,16.74890731592003,156898.97398935753,31.375573178037428,667,4,0,2
13041.909224686287,22.65636447473581,25000.0,15.697885279586169,728,1,0,1
15527.45037656236,18.143278818494508,27364.61294389148,12.124356702567724,608,3,0,0
32885.87432743478,24.902460026225576,59384.652440983846,17.58882148420431,690,3,1,2
15829.216908200804,20.27612663455187,25000.0,6.706441933329397,707,3,0,1
17522.33009446337,19.74498216008311,28503.40644675831,12.93905080776072,515,2,0,0
31057.97384568381,13.73125125373454,25000.0,33.90080961338114,694,2,1,2
23934.158779917885,13.777346119985818,46636.40118183431,28.373077591873603,797,3,1,1
25164.06642217636,9.0134970005684,45270.90141346463,12.470262083272695,550,0,1,0
23609.28654060394,23.10043934456221,44459.06941029608,33.14947185953948,521,1,0,2
33835.71691471743,19.600674328959684,44316.56034428927,32.81371345593348,786,1,1,0
21279.3390412273,12.661911692974437,43266.32447422293,18.192214595237257,554,0,0,0
10857.289633941336,18.381669682141816,40719.99603166025,33.82760440786474,625,1,0,2
24760.80894856835,14.33369296460222,45964.22767036509,19.688733861507345,628,4,1,2
14351.332282682328,10.426230020319045,49636.22677304405,32.05322085638686,603,1,0,1
12639.219642912914,17.772171143058763,63706.57987967685,5.711232609335552,618,3,1,1
25151.020532175706,10.87469289032591,46842.27696493518,8.13363554300454,613,4,0,2
23547.64314590888,9.330755904795533,25000.0,17.395175516231586,606,4,0,2
8811.815379556543,21.21114728307257,104759.7282421404,12.69389183050298,627,0,1,1
21113.19625455643,11.759438762961244,25000.0,17.853737115463865,572,1,1,1
14926.940745579475,13.934034739913638,40100.12781660446,28.458799314738776,742,2,0,1
23201.45139148568,11.634176044465448,57339.80385756679,17.82459362270804,680,4,0,1
28265.82850085032,20.75250148349477,25000.0,21.44435608184066,671,0,1,1
16602.060389016122,8.03263213771221,147695.82569624623,5.43144338216255,553,2,1,0
15784.734536592656,17.40039041426677,45308.31368758114,15.058371502348871,552,0,1,2
9203.395272993575,13.83981497612385,200000.0,7.551691564677233,512,4,1,0
24126.724140656395,9.17364497574943,25834.865935458,25.13472420139066,744,1,0,2
22529.429357693007,12.167130768105135,62034.72452986964,6.854253820676679,774,3,1,1
13692.543587413042,21.500829374821738,25000.0,32.23515541650602,624,2,1,2
13833.972786257533,22.837719828836416,73865.22262434389,33.72894938817764,642,1,0,0
32595.66849238281,16.075740531734006,25000.0,34.37454665301847,600,0,1,2
17723.920139071583,12.64436136517114,39278.54485944044,14.908540025062532,646,3,0,1
13513.277173961736,16.52224257353515,40626.06690995617,21.208895953709217,526,4,1,1
22234.19339539736,19.151065492188508,73690.11687338012,14.192984681101148,790,3,1,2
24799.52138102537,23.80734125749257,25830.68091263862,23.738421443435943,529,4,1,1
30870.911262402355,10.118056201724738,25000.0,15.77626240948071,772,2,1,1
16160.542573783496,9.225400196663276,71178.28991032629,7.813295787710494,541,2,1,1
25147.195867783987,16.45430430096897,80076.18674733207,34.417046811821706,599,0,1,1
8592.863954577537,7.693364210204315,63293.14596753812,32.49261633596198,602,2,0,0
7440.463419256993,18.795216233173427,77078.12507954019,8.76458890397452,574,1,1,0
22772.437065861275,12.062908991621857,55289.678158211005,12.598171505681451,694,1,1,2
22437.14664267837,8.568159493941632,85219.88410946673,17.544343644883988,743,1,1,2
33184.96824692567,23.842286271745028,36693.46257451581,34.04197436152277,618,4,1,2
29223.20465492188,22.88621351751057,38752.28925456743,25.770767673831745,729,1,1,2
7182.890190925806,11.850668890232628,33359.93949814356,29.04337328668861,703,1,0,0
25910.47222985804,13.457377571727012,43188.16838327264,30.42163791714121,675,3,1,0
32076.587200387,9.184765109478036,33114.95250953534,18.988982388194565,539,1,1,2
7654.775061557585,20.57657748969141,59506.90075412643,16.26406785399501,629,1,1,2
33383.46386400898,19.79361828972061,98889.06996297248,20.00835605623281,759,2,0,1
20604.9050333598,24.076663501926483,29091.524348546707,22.84542138505729,518,0,0,0
5340.609343022572,19.10100826959966,72805.54515965171,32.996152632779186,541,1,0,1
29316.599923454985,23.062580430049756,85453.63621422922,29.92847513165205,796,1,1,0
32194.163328936407,20.445506639320563,92149.59523531128,7.5057474404005635,792,4,1,0
28253.98470083344,16.049805546517028,30347.966603618926,21.252828928026897,772,0,1,2
32890.92957027719,10.25253468162984,106744.85443730577,10.637611424459692,662,2,0,2
28069.62245541532,13.857432928981678,36138.56589442617,29.629430518974225,500,4,1,0
20079.112793155764,10.36913751193064,77345.18296313946,25.98918708866365,606,1,0,1
13060.320781548382,17.17584307201942,25000.0,14.447553337666871,561,0,0,1
22348.40422988522,12.202764856635843,25000.0,34.19230393736895,724,4,1,1
5208.5639159357215,13.081081823233966,62457.27826267398,11.56146838993782,560,4,0,2
18598.66504244083,18.46707491594036,28268.356336801084,10.239415576889886,599,3,0,0
20257.120734941083,23.627293380709048,41058.74618403438,26.49191335874297,605,2,0,1
13428.035290621425,14.005783043264334,58644.65669691683,16.175998212786524,643,4,1,1
9684.57792098571,16.302506904345115,47225.31628722412,17.19771612078417,644,2,1,1
31320.18060142943,23.70853400469033,25000.0,23.5857860010891,617,4,0,0
21368.503679478046,17.99964418175789,35397.47327491396,10.485133396064512,769,0,0,2
15027.316724508824,9.53592693907927,68412.27782072243,31.938058803312103,550,0,0,2
5463.698495866023,20.45945582791698,40480.1754665542,15.6477398263103,507,2,1,1
25042.554097119384,16.54661403674344,58485.51977741226,26.863341633519425,680,1,1,1
9679.83561008608,18.51688396750363,30275.455980370705,17.35874285102306,536,4,1,2
34701.6155031279,21.153622912106577,83960.65619906002,5.900780159881784,501,3,0,1
25526.990795364705,7.241770475179905,25763.56575509435,18.53882339087765,548,2,1,2
7545.131422555758,24.428328876038137,100042.26472047296,28.18314258995237,782,4,0,2
9988.501062682382,18.087369929456425,65455.09650802914,30.49877991509616,591,0,0,0
18525.18114212396,9.308077371347602,26433.226969407016,33.03299116260324,559,4,1,2
17949.78638689038,7.665212188512932,119428.07868044576,9.393087698084484,544,2,0,1
5915.007498171482,13.541542247830323,35269.18993236304,14.787617541234404,574,4,1,1
8728.916704566342,24.68989958000486,60391.63555371114,22.218495982070312,663,4,0,1
9412.204427871138,6.449133134880391,75299.50117505241,29.62088482300338,766,2,1,0
13398.016908378286,10.165065759802845,113256.48296987556,26.75018228897356,769,1,0,0
33968.96099223678,7.462110830954974,54495.03813795351,30.299785033636496,620,3,0,1
18774.07268714784,10.406994826203531,73402.7545318318,29.171435770046536,613,1,0,0
26778.67036610718,24.49629041437054,54926.37713566519,32.84546294341854,797,0,0,0
19855.307303338108,21.023740131940308,84318.86513434608,31.476796303170417,517,0,1,1
13913.65146869525,12.88247339139348,29411.944297480662,6.710807420108581,554,4,0,0
7221.339552022711,18.913298371168327,81769.87717479069,28.184287198710123,654,1,0,2
15262.452461477224,13.141877417769615,63812.26794403955,6.040181126781992,549,1,1,2
16114.16308374146,16.683639501680286,29700.354448781574,8.17622954639388,594,3,1,0
31780.151332309244,9.847130643139511,56593.11990314941,17.06081650664722,769,0,1,0
24875.66853061946,17.701400575463786,168467.35680170282,29.1061297838781,673,2,0,0
22936.999364332554,24.96074810013341,52764.93765775075,24.449540223562867,543,1,1,1
7747.462199799024,18.48214796907565,34931.196711700126,27.995819486648816,698,4,1,1
11728.079283816794,21.101381426248658,29556.295410792347,10.02071096710343,517,3,1,1
14569.26890881284,22.54424812417772,41290.902113436015,30.353625544881044,762,0,1,0
14507.66015468833,8.378530051848458,25000.0,11.33695494418793,683,4,0,0
7736.183091460711,6.78988432195745,48473.60714040884,21.53479885749116,748,2,0,0
20977.682976547578,24.35062106191118,25000.0,7.523829867781485,754,1,1,0
26845.662686108102,8.536119475902932,88035.02552542461,15.94467410623396,674,0,0,1
10068.051892164936,9.645479169656117,49638.99001790923,19.26788575466025,605,3,1,1
21249.026439826008,15.138484907836352,74291.45176508065,7.899345028632569,730,4,1,2
5138.960690138086,8.306341945028722,66241.97746848165,12.590790227607595,598,4,0,2
24260.94938462863,20.40700072265143,33108.80672327165,11.349076957095836,567,1,0,1
31836.566806822742,17.772197411736975,58823.17314548288,23.214058426507307,544,1,1,2
28292.388822259905,15.875705022564336,39270.69315310261,19.583914556447723,785,1,1,2
26242.177333881365,15.29907430921967,31309.37938530658,8.461839265367521,518,3,1,1
8301.557735830302,21.380805419772685,40400.91525313504,24.09122844600123,699,4,0,2
23868.28540339652,24.418834124370463,200000.0,12.490068582206906,783,2,0,1
13359.393927098345,22.478589818236244,65743.24966573552,31.937575608729976,662,4,1,1
19218.84920788617,16.989351423121775,29819.021825011067,8.559312972247408,624,0,1,1
12736.63056299607,7.2322182951763985,137534.04201323318,34.62008475738638,669,1,0,0
21945.23399787849,21.997972504911168,80118.86202151142,23.941259781447528,634,4,1,2
21992.13920890692,12.35571448609671,54454.83118079406,8.16450282383107,784,3,1,1
28657.91633673592,16.411230290500164,143936.39988763933,29.16296987899959,642,4,0,2
20427.03315240835,22.046438572166338,30147.236446088275,25.658948879236267,782,0,1,1
29104.427911545456,12.178611220269204,64900.84372930785,31.12007102376553,650,4,0,2
10291.6095951867,20.21339040916111,31098.124758031063,22.26077519387296,655,1,1,1
18083.7958740595,19.719347825852005,50149.44373319091,30.53452206277945,726,2,1,2
29497.983184147317,9.697827724594536,115084.49964158074,17.783637138566924,511,4,0,1
11192.638152818095,20.983684328775723,41465.71589590572,8.849775865662934,702,0,0,1
13660.812103120996,16.865573153316546,51613.35850787308,22.566911863799056,740,4,0,0
33865.17645423626,24.988860789642665,41826.73867456142,27.17200927818117,735,2,0,0
14623.401949152076,21.8105493811971,75032.08419305296,12.244894557706036,614,0,0,1
6221.864069569104,18.356188040591803,63223.83383449962,19.68177612219766,562,3,1,2
24542.61165055593,20.913042565117884,25000.0,8.996297724098861,725,1,1,1
13736.874205941258,6.644973593130178,25000.0,20.234151918763374,764,3,0,2
8827.409083866913,23.802198637590195,60679.91358014725,29.98789146722684,589,2,1,1
21953.995507676267,7.369602383974794,38746.372443903645,22.33421150753254,776,2,1,2
7560.42394981304,19.423038803251124,142227.97906849184,29.27070920875029,655,0,1,1
29516.666006036477,19.069828723715453,86697.86654867459,30.932997406050923,553,0,1,0
9125.6283243798,16.284064994846098,39751.78092919702,23.712292545920278,787,4,1,2
5760.522302463725,16.40425514692099,107216.3619097134,9.322363580395988,637,1,0,1
34084.112998261066,9.296965784743666,32507.369762815044,33.40268734076722,785,1,0,0
6294.797358517283,22.69179566472561,25000.0,34.70326538260598,653,1,0,1
29387.03027390233,11.914846283964067,25000.0,15.318730596730566,570,3,1,2
32674.98143531887,6.2300610294628616,70983.55927809856,13.683185648584638,677,2,1,1
7309.397294863789,8.924022220457246,45668.26355120572,17.745525286042607,679,4,0,0
16318.52489313868,23.61301839056161,64686.22807560472,26.944590791093475,640,0,0,2
10261.138358703489,17.366280587211037,25563.21502584924,23.575182060975106,561,0,0,1
14761.990944778032,7.5652398667010115,52781.86179526237,25.91407417675428,624,3,1,2
23686.714274570008,18.092174741329096,33265.0845570008,11.315208189960288,551,1,1,2
28314.407477823104,15.44632051616012,30471.52888341145,28.25732155504848,603,4,1,2
22724.99781707032,7.492991445945394,25000.0,28.9487959162756,559,3,0,2
30565.4450095562,17.430624582780293,96303.58944356671,27.16600031399098,589,4,1,2
31916.4727385998,17.061238743349193,98432.5658025085,18.26881416353406,776,1,1,2
5436.339970036458,11.221314675414586,36028.72659169157,34.09170898393931,663,2,0,1
32625.25647852117,6.397954259587343,123036.535391311,5.4860119201840165,697,4,1,1
21704.037873750505,14.175812003089792,66518.4754210518,31.582803059396245,539,2,1,2
5591.316132630925,18.089535725605717,56116.47684133323,28.765735844050283,773,2,1,1
8739.880436098005,11.035882138175076,33605.39719262098,28.385501042721906,630,3,0,2
20978.517993650697,13.587002400376852,37890.41087411878,21.711215398251053,608,0,0,2
33645.95841989582,24.541439860563496,34985.85738345851,22.22862725270633,576,0,0,2
15170.89373146102,6.869098642437744,88002.3306588651,11.86626387450497,604,1,1,1
28555.27884179041,15.010070116491812,98601.6833218095,21.8203488481685,518,4,1,0
27447.79071150975,19.88235969454568,46837.02894416761,23.354930603096644,742,3,0,1
16238.378438794136,24.765341710985098,74471.56418443737,33.543344769892755,672,3,1,1
33101.899662102034,20.45953014753853,42869.69352281675,27.93060159309282,529,2,0,1
8445.104742176107,12.983154023539097,28587.63529566921,17.515802556937295,772,2,0,0
10313.320382211468,9.524984798359302,52523.48319314647,22.178216986460672,641,0,0,2
15408.59605688683,24.401286774293293,57306.440953426296,30.406616732868585,503,1,1,2
8544.944828649688,9.106953579115434,37079.2845947322,11.546226036565166,544,4,0,1
32740.808548356883,18.01981596954501,79218.50037874818,30.113588834919565,594,0,0,1
31734.293410942133,13.678666111369626,54737.79644501131,14.356383072911758,596,2,1,2
14601.488030918352,18.612286024814296,25000.0,19.61796062300152,703,4,1,0
33512.34452229676,13.382603924136568,32311.294446209635,9.514168130179923,536,4,0,1
7236.519310393125,12.737820995174754,52468.18402593649,26.68213256716414,583,0,0,2
29918.582233631874,7.097830658930966,36224.54118453664,6.518674168072224,555,4,1,0
15390.379830978838,6.797073245201089,38250.84396003983,25.21516694810014,776,2,0,2
24767.71825730454,15.65885039140932,40116.92770140776,26.44156500506108,584,0,1,2
25373.069574334688,21.69528497479804,65691.4047980439,17.096318995514682,707,1,0,0
10879.485872574356,13.6366873585756,42133.05637909589,29.1144363558034,678,2,1,2
13764.339456056545,23.56352771215408,64851.67313313496,28.782743407184384,697,4,0,2
34096.36480122917,20.030534975775204,25000.0,23.68068622849392,725,4,1,1
33453.5992088647,17.2678423495489,43235.26273374759,21.972348518398675,567,0,0,0
16246.117385711124,6.9160287383505645,25000.0,13.32394039174862,558,0,1,2
29678.016819789747,16.783276116969603,53955.44191487444,11.975179766234936,666,0,0,1
7135.659453806869,10.697390413660363,25000.0,21.70354732784564,742,1,0,0
16970.08111610391,20.61523980892454,102897.32979837588,34.7588824171593,604,4,1,2
15466.04799628986,7.10511211460404,25000.0,32.79391393868555,607,1,0,1
32626.172015954395,18.72025214876561,25000.0,21.519901383225545,781,4,1,1
20735.34168710764,21.3125826022348,108313.21193020412,16.85465892416915,774,0,0,2
23192.8717897877,15.28422061768865,45140.30879710909,29.1324217903242,554,2,1,0
24002.02562950177,24.76792488408286,52110.08490049161,19.00079362653225,707,0,1,2
8532.532486704235,15.46685796300562,48615.48362927256,17.081111629836805,616,3,0,1
31012.16955740311,20.81716878897365,54241.02409155455,30.576422637379117,665,1,1,1
9202.52045709572,11.896877219547902,41726.0791362164,31.92097597372796,648,4,1,2
18636.2319430332,16.34529286125614,92607.54941762908,16.175267946603974,565,2,0,1
22706.92000607261,8.571727563276024,63562.30565321813,14.47319453748488,502,2,0,1
27136.90750087305,12.40102004365103,43237.64798093682,25.01637011582543,566,0,1,0
8525.787403313147,13.483423707429012,30900.09663192224,14.526491007727651,698,1,1,1
5617.534828874073,10.20297939457244,25000.0,23.169136679702344,601,2,1,0
11370.173320348284,6.7491094160016125,41406.92704436019,9.285258944429955,697,0,1,0
27394.742153540723,18.92948673941955,68247.16854212078,24.459168703064467,664,3,0,1
5698.158072074776,15.781529724664114,158737.7062057131,10.253694203910598,757,1,1,2
31865.696854886013,15.017986639246464,200000.0,17.899556423631793,575,4,0,1
13169.21979558107,21.294790993934622,47703.17656153975,29.37421463132515,526,0,0,1
20565.141713782163,24.389340662055577,25000.0,6.204165772560995,583,3,1,1
16236.203565420874,9.517525647933772,28946.66992669679,21.227150115142425,726,1,1,2
16918.61871681102,24.15135904357464,73221.54544751302,12.794844138208983,563,2,0,1
30254.863302748163,7.183544164471192,25000.0,6.207740090276963,714,4,0,0
11877.541856979244,19.074559415644305,74408.29113058752,13.918616128439794,667,1,0,0
9289.750461585076,14.640057257043322,33656.77544235402,26.73794860542887,717,0,1,1
6554.706104672807,14.217459688272507,48666.52160468977,16.79311722678203,608,1,0,0
23837.011684727237,16.126197944475372,126541.35009285084,24.85333197414916,688,4,1,1
7332.039108949545,14.806386832210874,53804.60892951177,22.33673338082265,686,0,1,1
9820.44119778667,23.68130907823441,42267.95781619702,14.75633588828634,664,1,1,1
7738.600303584007,22.497154329751915,58182.06617519676,16.935971090522816,715,2,1,0
23286.930019396907,21.151094410531638,66725.6496059093,6.169379619833912,529,2,1,0
33493.997398757725,17.550196763075448,81677.90284899843,31.86688544395516,602,4,1,1
6226.058487994365,22.98962661861825,132837.53237992304,5.979771823534876,786,4,0,1
30346.25932908364,14.460799845050644,94899.69597895363,28.87779161430507,590,2,1,0
26771.5852516508,20.53278196930044,45142.38691232536,32.275257921607576,633,2,1,2
7810.243034842774,14.214361219809437,31398.570600439336,10.38068030867723,702,3,0,1
17262.025132942894,21.9733575322128,66739.5395827063,15.22875714306675,689,0,0,0
29303.401840375423,22.34232554659489,33189.81900851678,29.5092172181551,687,4,1,1
12737.084811348195,24.53659381633838,83747.23238395846,12.977853518963563,764,4,1,0
29973.27922401265,23.93712745404565,76275.44458314494,15.116197266972565,548,1,1,2
8033.680283683707,18.670420893375983,66692.73144038633,13.431492505006675,765,2,1,2
17588.001872833698,18.51544773451665,87457.73961602617,14.416264901674117,650,2,1,2
5390.057705322081,12.752306805029049,28290.599370047745,15.281927762837215,672,3,1,2
23603.977934046103,13.091784040957462,53713.13892134521,20.045538810504997,778,1,0,2
7930.163420191517,19.770568659046468,51621.12824771029,28.7467460777411,617,3,0,0
28129.01539863683,10.382726422637417,43814.20859903059,32.24685466100969,679,3,0,2
33999.644571310084,6.617997410333786,49651.65435214808,17.700054324595925,669,4,0,1
24234.42898655892,21.97656000909253,46959.4831790782,12.215947555404462,630,3,0,2
22288.6508050044,12.71177676153922,101434.28113233828,17.335714276084733,687,1,0,0
10597.101766581076,22.671756389977222,68052.86720024592,24.785323059223103,555,3,0,1
29434.054477668076,12.825434018595548,25000.0,25.182938432374,757,3,0,0
9193.171298788686,15.679020434846004,73114.90330544338,22.6505666294946,787,2,0,2
23993.04371819804,17.797394837582065,56557.96891429215,16.676914150753653,584,3,1,2
29793.72398323225,19.99163828624717,111821.91675903765,9.634766120147772,722,0,0,1
10150.378575449104,18.85289080730088,38860.03447640756,22.48143348034045,765,4,1,1
34275.56238387604,22.548413351175626,42191.41702229352,19.536139852400325,694,2,1,2
10201.207858842645,13.231842576055024,76612.47357681108,5.19137130219772,660,4,0,0
22605.233540626374,10.999138828306014,27615.657012129097,26.94489392129417,616,2,1,2
6100.496086717937,7.836852543287673,43738.17541382423,16.857779462934733,614,1,0,0
20940.63894704444,23.788032678630103,85092.35747854011,15.279354395675648,584,3,1,1
5942.875570602027,7.099010854704531,55084.88185228935,23.97173972985162,746,1,1,0
5602.135933331791,16.259185475330632,165146.09311795942,33.743540267583015,740,0,1,1
10436.991984969804,8.30631384902615,50035.671022296345,22.4975717693767,724,0,1,1
33206.907242748726,11.25972814746598,138622.40427649894,9.236706301194484,559,0,1,0
22823.92146056405,7.145080415501656,51699.04325280647,20.94364742567916,726,2,0,0
23033.450352296262,10.743692168324532,48396.34742304332,20.97512199247945,613,3,0,0
28855.58584306111,12.449553658313317,45225.42714554727,29.11414671450425,779,2,1,2
34586.32233438808,22.40333934186468,29135.76891182293,29.52223541918328,533,3,1,1
6408.979003251651,14.003713012587369,25000.0,23.513178332859688,584,2,1,2
31616.382277289795,24.832203896602557,49738.35645073929,23.61421355155912,584,0,1,1
24910.134960879444,6.45964351393575,61113.556790790506,21.330346629029638,597,4,0,0
28873.78008308303,15.478874915575766,56383.378057589696,19.07321633142736,673,2,1,0
18566.53822669421,11.56361869731833,27603.82008661613,25.29451248561813,722,4,1,0
17563.115746762196,24.968602716466044,200000.0,5.770689346082245,721,2,1,0
9878.50818034674,13.57763283704111,82837.28230591677,17.335924666476373,511,2,0,2
29637.719140160385,13.495049292830672,78226.3559302794,16.75731688831727,711,3,1,1
29383.98701772508,22.494702833172603,48246.9187416148,32.87434151635062,541,3,0,1
19953.26596787172,19.46614925711655,43715.48757135437,20.93882055052796,516,2,1,2
26888.18535014192,17.654816395003447,168976.50347481837,9.20973554580545,525,3,0,2
22509.68335552616,17.770316574182676,40266.01814813009,27.61604248129739,612,4,1,1
26090.568766855336,15.407784013265513,41967.7613568188,25.96846485462157,651,0,0,0
24002.112695312702,17.265858761992362,26914.4517370217,25.88468435413776,566,4,1,0
31163.717268324544,7.611048304870261,29211.99061810405,28.81454311724119,790,2,0,2
7407.012369849266,22.49307711204156,33202.35801753983,33.97241629459242,549,1,1,1
12507.28694493786,7.146689595820712,43090.04960596376,29.67143633556063,586,4,0,0
22295.49426542761,7.464107303552292,32408.08914412667,25.175217880209477,748,2,1,2
8053.474178612112,24.85100228164294,37720.84575329909,20.42286327653779,789,0,0,2
26926.02425610933,10.544421980102587,36594.852284454086,16.78685326679537,561,0,0,2
6078.268213902263,15.836521224309518,52320.09612944684,27.778775207554208,773,2,1,1
34595.45746378939,15.797909126233458,37374.56980154366,12.53507802645204,592,3,0,1
7254.133452074263,15.17640856962175,41066.4206798692,26.90665153271748,517,0,0,0
21401.30838029839,22.53187860411767,43926.02005057192,7.009208360758146,662,4,1,1
30590.2836640208,17.716355975894025,47268.69479518471,23.20540866620417,708,2,1,2
20157.571173435717,6.696757111737316,34289.80036821099,27.817269273658468,711,2,1,1
14285.828488589832,6.487199250322278,25000.0,5.20633886658948,569,0,0,1
8361.16706504157,7.537466377973791,25000.0,25.132794712579283,727,3,1,2
16552.93185805776,15.148924678738451,25000.0,31.487444495561665,738,3,1,2
17378.530307342793,7.396438199270241,39898.12601377081,15.536581620463426,758,4,1,0
30047.90710397897,16.66820717123095,30946.217188466577,20.956152995150497,510,3,1,2
28982.31196727128,18.366670011896687,97157.5749163398,33.15446474642464,602,0,0,0
10720.631619909997,10.79257938329387,80647.20691096176,7.447961600145151,578,4,1,1
29655.801778710687,19.388934491996288,63522.75878961819,16.76280730713718,689,3,0,2
21219.0536483032,6.987454389377976,89352.93700405415,30.9397676557442,620,1,0,2
18910.952148199467,17.46552327424618,49026.89180762962,24.857408979110343,653,3,1,0
29280.834664355407,19.204655836404307,42833.95511790028,34.26029400437211,527,2,1,2
32226.99421778279,24.90324863028227,54234.72070605908,13.128280949490962,739,0,0,2
25326.93085526847,17.721611449139104,76365.49893449227,5.6727766748616535,701,0,0,0
22203.136643698585,7.084650265696983,51727.68491474196,11.133451173928192,550,0,0,0
13124.967537862229,21.48167716118373,79736.67833685795,9.114454644582295,506,2,0,2
27428.281405287533,20.61679297918545,29784.20076013098,29.519159366397105,665,4,0,2
20228.31136053365,13.574597527673948,129356.51388943118,14.216492510638126,646,0,1,0
12116.803752079835,15.442306175210774,57499.23588790996,19.520617175282123,548,4,0,0
26870.215041229618,14.127689540981384,105726.39078984525,5.159404270050379,512,2,0,0
23543.847213736877,24.295610629514016,73297.9829928016,22.30572143398101,762,3,1,0
33621.53081776167,19.471878972726223,71205.42486530433,5.32433250905589,666,1,1,0
33084.643224823434,9.809969807306398,25000.0,10.899607548588762,578,2,0,2
25872.46066953852,8.28397205204156,66388.69702848997,10.571992160155569,625,4,1,1
15753.97185632818,10.14682386943622,65567.77964848818,21.45257488980688,674,0,0,0
22697.530605638996,14.051026819326491,26994.55276626949,15.42556385941264,786,3,1,2
32012.541714899915,12.571778082106178,28101.77777923757,26.221910000987837,521,2,1,1
28127.366112374657,21.2502228861185,28248.286874024096,29.29773260908698,606,0,1,1
20563.71865230098,22.172931366926605,58103.00850098395,7.651548409535561,543,0,0,0
18453.36565934959,23.795508153604267,44767.4248397721,20.3174227237868,664,2,0,2
14351.662033866449,22.042784572052703,66081.6153625232,9.616997140813211,602,1,0,0
28982.476369069376,20.544745080831085,43035.89310006778,15.758647458607742,710,0,1,2
12478.766874466248,9.304009735170258,108072.60204001644,11.067625415736048,666,0,0,2
29523.306852153222,24.203396122268224,66158.6593793768,26.86817600315472,687,2,1,0
31856.20513061598,12.60385896054066,111715.3150917452,29.819064492117377,571,3,0,1
21003.83275928965,15.269226834600886,83499.27728435477,9.841020751651492,679,4,1,0
12295.165729983622,24.844389075637903,112293.63349904648,11.53674138880232,654,4,0,1
15682.901776935389,17.411292333851726,83233.05448501193,32.45182197551667,536,4,1,2
34899.10511221716,19.60686281024068,35230.86733698131,24.75984064819301,601,4,0,2
29186.03839379184,16.597884930030474,88645.5142861837,29.44013014129968,687,4,0,1
22861.550519601315,18.270405440448915,54507.44208152972,15.239559378501564,515,3,0,0
20081.61170277437,6.209594024144297,67071.09553473188,32.91195260507976,545,0,0,1
9836.638617620132,10.264370864896552,34040.51826485259,20.21178940216155,787,0,1,0
33213.757530587434,22.503840191156605,44530.08569113271,13.310375729779365,666,3,0,2
23955.116365093974,16.09222103201961,43547.037199834725,15.21234668342779,750,1,1,1
26668.00795566977,7.884383892157102,25000.0,24.855037553419944,529,1,0,0
6356.818667316142,15.117636785774268,41147.285528779954,18.004166982669034,524,3,0,2
34569.513623318024,17.7536161860885,73390.09211790374,29.76246992371844,588,3,0,0
20609.2310271138,6.824838124241564,61441.80315756188,11.440876623900664,532,0,1,2
6971.259182850571,19.84132286607065,123347.28991802668,17.791950704048674,673,2,1,0
31612.59272795352,20.243384803115568,25000.0,15.25715834316471,762,1,0,2
33485.618709729264,7.818576554883073,95663.58727584284,29.70656679835457,745,3,1,0
14041.336224924262,19.93867323066664,30183.194260081764,11.78237213031688,751,1,0,0
8661.147045343365,16.250334555131406,63699.74780801714,30.64922058684423,562,3,1,0
7607.60864262271,6.68704722997048,75497.49571044423,25.323142136848837,682,3,0,2
22726.788295647253,11.453724530323342,41951.60594194163,8.902420094868408,501,0,0,2
33617.85731007763,20.75534020304309,73335.79071612429,32.63922536638927,671,0,1,0
22738.26307234788,11.613450772070983,25086.505122888444,31.697401290885875,667,4,1,0
10084.782400582775,19.02574045735045,57542.32198731759,30.88990494076616,646,1,0,0
13202.212157921187,11.838509333599443,37417.22508288281,8.497492236670901,603,0,0,0
30941.6712876516,16.244064256829837,70313.84846440956,32.0723909985831,621,1,0,0
19281.512065972987,6.497737462109231,200000.0,22.567630516178376,565,4,1,2
8093.716065077979,9.173796250118048,28468.70291386693,19.042071627028704,757,4,0,1
21306.58583341966,10.93645096615565,25000.0,31.12065366372318,730,1,1,0
11663.234314121906,15.421638966496646,59552.61991518888,24.85906834381606,619,2,1,0
30694.69523564967,16.994832762875475,61192.830645253045,22.379433999858136,593,2,0,1
25711.84485888096,16.2602263774857,56834.73031506341,8.490754554934876,614,1,0,0
34190.316642573365,13.554293561293091,37889.09676155155,30.12101239310452,784,3,0,0
24364.168877215037,24.395675130379715,25000.0,9.610731285326136,548,1,0,1
17726.66027740929,22.509194705095645,25000.0,15.352512365397011,632,0,1,0
24226.24234409644,24.83386388034158,56747.78585122692,16.538332279363047,546,1,1,2
8318.952108656216,14.729488599713749,64515.689398404975,25.91491076413941,660,0,0,2
11236.58765438082,16.53030376850832,47084.21218160563,7.832566929814428,674,1,1,2
7661.076012711668,12.74492981080681,33866.55252663873,24.692288105019703,617,0,1,1
20667.29780164413,9.802854640651391,29152.474919439068,15.65959245421663,684,2,1,0
7080.839026254964,10.513323173553676,76783.58456685819,9.290033679971792,518,2,0,2
12204.368563345792,8.59235529857793,124170.64785695478,19.463962967595258,550,1,1,0
26667.57705179199,14.314459357052446,81589.94142028091,11.899812618897217,757,4,0,2
27526.13203374492,17.72575474547657,25000.0,12.14439960997089,783,3,1,2
32881.27967382757,8.51796878209512,49442.41018806122,23.10586419503363,639,0,0,2
28918.860973386607,20.951164338850607,25462.94340226827,31.58258326440549,512,1,1,0
30534.10014550571,8.228855590285495,25000.0,24.77136230396697,720,1,1,0
26782.740011679845,19.47214986956741,113037.98368735136,7.482105068545697,504,3,0,2
16767.32135299197,18.683448086537936,25000.0,6.510485809080597,574,2,1,1
23015.5058130096,7.683408163912727,40183.62969248878,19.99876975894365,729,0,1,0
22307.11653879077,10.048989376476584,51506.52881691144,30.14464924965928,700,3,0,2
15670.181493948474,17.167617856381767,25000.0,21.241232627223148,630,4,1,2
22708.848275444238,11.806480094314082,65470.13553438344,26.36411137641815,772,1,0,1
7275.899843259917,19.20774652690428,25000.0,30.22726131208721,593,1,1,1
8023.340041322799,24.456506786791152,25754.23051793601,16.236447301387436,645,1,1,2
14662.374967495349,21.998632593152003,25000.0,11.613380127362568,554,4,1,1
16104.761007663332,22.050881334220865,31220.13133929734,22.785205415243304,722,3,1,0
18516.32405930281,9.447328606216912,59637.91799694698,16.985563537608044,520,1,0,2
14579.409127712446,9.910982990698596,67015.1141343494,29.82659156822141,642,4,1,1
34153.46248162882,17.255747908530836,36866.47225539231,17.97038679210042,521,1,1,2
10196.056097300456,22.49717760275923,46489.52161069928,17.204144028551706,707,0,1,2
30149.86114133413,15.231563424540187,70930.98846371604,22.88245865714918,757,0,1,1
8476.071785753891,24.049262495054283,29501.19373214,6.993899773288163,780,4,0,1
27848.588459861527,22.73654442477964,27317.489503326804,22.30107196573269,538,3,0,0
11154.189214460215,23.459604139151534,25000.0,5.410472442820433,753,4,0,0
22807.77360662146,8.426556189069462,33359.83313705775,23.89461963304123,507,2,1,0
5151.84751538656,11.198906659351652,131134.4901119705,18.642930276579836,626,2,0,0
14329.469651469866,23.949908423536797,27637.434422500093,29.090062158735115,506,3,1,2
18880.393570088192,21.72322001577061,51595.55918908304,11.729556765605787,698,0,0,1
24298.646553270595,10.002581591107663,66204.6965959457,13.359291893451092,611,0,1,2
10961.470446025172,10.43854726994829,32830.51012244429,5.2509104563057125,762,0,0,0
33950.80731999538,19.20566934831251,46680.71466406484,6.181755010784582,724,4,1,1
22417.650508341303,23.633589166194945,25000.0,25.770629184632423,522,1,0,1
28167.34307889972,11.629854288663813,85096.17451621496,26.262969656874628,537,1,0,2
5275.91154849889,20.63774093834807,86831.49915608161,26.453004838511,739,0,1,0
15679.180359537848,16.551907467814992,25000.0,30.203242353175995,571,1,1,2
18015.54947713919,19.816212325559853,39261.25297306683,14.84699317035018,789,3,1,1
32981.85450062039,24.15495022314376,57481.44100986555,13.14899543823109,758,3,0,1
17022.89182625978,24.70872505096565,68246.79588080064,33.959081708911995,610,4,1,2
25156.782307961854,22.593135401355347,44151.73244582614,32.00792333606211,645,2,0,0
32034.740314729668,12.96276916255656,36120.71579874271,7.770815843341356,753,1,0,1
28844.33910624945,22.987884869903557,25000.0,23.29092275457848,562,1,1,1
28688.544283836614,15.637461365079456,55096.5134754452,6.047346579686714,748,3,1,1
27125.03744329245,21.175569641436915,27494.592948658767,14.72988132054554,665,1,0,0
11474.630824905296,7.986788966353605,63342.80583604894,6.876945266583547,526,0,1,0
15871.816973498992,12.42708261389547,91230.96079332364,11.788172900095583,628,0,1,1
8874.78245454485,15.978104289674144,58705.26033976911,14.80384117573332,556,1,0,0
25175.553682311154,14.59178153738527,69991.84633850127,20.29562028651373,653,4,0,2
8512.010492828176,22.49044759588042,25000.0,6.488431200165124,763,0,1,2
6179.364195232968,22.721502663667707,66100.59644006417,23.383875066095317,732,2,0,0
13455.643243201996,17.26606617726362,66040.24011579089,11.615127903069414,729,1,0,2
24805.921301531936,22.56388776525183,107601.00294017946,18.75294272394314,569,4,0,2
27141.008492791112,20.92738074352441,68074.56165864541,10.887371501184967,794,1,1,0
9180.682222184723,17.019691961134495,162025.53283709404,18.32310670719856,506,2,0,2
8619.076133018025,7.319053012175773,39139.29278007652,34.13452722104857,784,3,0,2
19775.530814565915,6.591547574805716,25000.0,29.084328044735017,645,3,1,0
15702.59980080768,13.937568861179342,200000.0,15.515616028584857,524,0,1,1
31096.89086186385,7.56126168205212,35543.73262314516,29.551412743386056,631,1,0,1
17958.350559263476,23.3942776541728,78949.11482461312,11.12949150196911,534,4,0,1
10990.213464750792,22.378810368796955,31547.355777592707,23.85279369843761,744,4,1,0
34097.43193443809,12.680831057553052,33840.34006051938,19.784587535984738,661,1,0,2
7353.691440267979,23.001516465150026,25000.0,20.16526281169592,765,3,0,1
5543.305514625215,6.791785111445301,36779.55968117957,34.318397976993424,685,4,0,1
31207.35872320332,12.32703634810576,30136.29364365893,15.639986149552485,543,2,0,2
24582.38323555624,6.177300776714772,37719.83859305831,13.874722924896082,602,0,1,2
28138.11040057837,13.302206296033953,51057.784836552855,29.13483927295467,621,3,0,0
33150.21370463114,8.702738005056727,32681.8498556845,5.859572827329636,587,1,0,2
5795.966116214591,6.099362657315342,31905.8292290992,29.945549993366708,729,4,0,1
31054.039276937383,19.21674478343933,30589.38647090628,21.46618404627799,597,2,0,0
7213.896942061966,21.34907289688391,55592.05915940418,18.283944096312123,630,2,0,1
20681.984881459823,10.18923797233333,99950.6287884578,22.91465917970905,614,0,1,2
7483.960037753794,8.248387627544359,68140.72296756331,8.766493696954313,692,0,0,2
11388.924845267322,10.50054062051516,26867.89951774661,34.50701619540989,557,0,0,2
5729.478992943616,14.990988227139583,109564.6722022124,17.056615996721902,672,3,0,0
15224.106207590536,12.40306035219444,61467.277335181374,32.62218951027906,598,1,1,1
33873.41884826333,21.668938352577836,82683.75083670723,5.934472783801732,672,3,0,0
26109.735781400712,18.924336606194537,48597.561681772815,19.777072122598927,693,2,0,1
32397.21657669414,6.752757681618785,63905.73524249105,33.13895694301682,622,0,0,0
34079.07606857297,21.158459328314056,79560.54300000484,15.301601065329326,603,2,0,1
17268.588332428095,16.00165055778615,25474.166567927856,7.468169728311857,779,4,1,1
22096.690546139496,12.168842610911138,33848.43649551839,17.25366744225448,754,3,1,1
20102.518125645707,10.440529556298229,25162.8813629654,17.530009874509844,794,0,0,0
33342.97189647284,8.315835773402004,44861.34584868847,21.99815776716389,592,1,1,2
23475.50294156649,14.084373354513431,127923.5760273592,27.87340876024605,539,1,1,2
15447.66401069901,14.583585896007351,78492.83084140098,18.73786983302084,756,0,1,1
32124.76083481245,17.85332716885489,200000.0,25.76033767839964,550,2,0,1
13552.855060815413,21.53154446133264,33238.85881226001,13.159958160330682,666,0,1,1
6120.4456624764325,8.521599326818148,51829.09451194222,13.981501211160449,591,2,0,1
20340.27196582813,15.12963199789875,25482.839747485225,7.55310458359356,656,2,0,1
12186.856720009171,21.90325323890977,95398.66896342936,14.758718550852434,513,0,1,1
8397.141375222658,7.869517344554547,25000.0,25.67262961244689,741,2,1,2
18124.247660711877,7.815170962858695,43712.2360239937,6.582957735788079,757,0,0,1
26397.34361668985,18.343286330855,64306.95554797703,10.849255997008676,693,2,0,2
16031.474091783006,23.928702483184377,25000.0,26.1541743671169,618,0,0,2
23226.34555704315,6.70314505959436,26649.000084614603,26.70330987064736,545,4,1,1
16494.155847484923,23.729153295527595,103446.28261880616,13.536241570308013,519,3,0,2
24476.309063481905,18.37342656378835,27890.966648260983,30.4432770504689,678,3,1,2
31316.01622439325,22.845480089568863,42153.65477180124,21.49605688328616,561,0,0,1
9888.03281244289,19.77989554788759,64127.60179724581,24.34235745730456,693,2,1,1
34991.53019858392,17.59634188290745,25000.0,26.990003216678694,745,0,1,0
18823.36304098177,15.862136027257137,40512.70639131345,21.865664331935758,542,2,0,0
15744.881540985214,15.187367287678567,25767.921901558795,18.919450945006623,771,3,0,0
18967.940543973804,7.669463483751834,48053.10370811031,34.03284395808686,671,3,0,1
33287.29111737557,18.98191650953232,37094.708916578325,27.82553992792345,614,2,1,2
5165.663513708072,6.799770603090876,150840.5602748367,11.53002198741608,791,3,0,1
21485.866469712066,24.337255232284864,86553.31637126885,9.820387541355355,751,0,1,1
17282.34956573721,12.99788107963012,83481.0135509334,5.386924093685764,590,1,0,0
9909.678285971137,17.689169326389205,32645.464377705543,21.325959875111067,769,4,0,2
5863.48028940017,13.80954092632739,70397.45976766097,22.03922891948241,690,3,1,0
10873.734043678896,9.413979068534598,25000.0,22.13781409811292,601,4,1,2
28099.806592958324,9.182169062922323,87699.74934987904,25.219826244371912,524,0,0,0
29862.12527455788,20.597194863425848,43989.75530643137,11.603339777142594,748,3,0,1
12956.071030451763,13.974819021596325,33959.99677487147,18.65515975200969,539,0,0,1
28675.13715822015,20.858533665737333,144727.63357390914,27.57193646911364,594,1,1,2
31956.62565581238,12.148594163841285,111769.62665731768,24.48526789122342,793,3,1,0
23698.943804826737,7.698809043932931,90941.93369321036,22.51140763194092,644,4,1,2
11794.87325593814,10.936268040219035,94050.69926207753,21.985420736752125,646,3,1,1
5546.654769546492,9.438562101480306,56587.76747404027,28.93196790044642,532,1,1,1
29906.595937009748,21.20134840528403,36250.74231285636,22.803841481141717,789,4,0,1
15055.917249377027,13.256853153405022,35278.45166480461,11.30955668857381,776,1,0,2
16915.505888553645,9.876677057949076,57416.80613139354,5.487303296283611,613,0,1,2
8595.961020010483,7.539878102245311,25000.0,29.448191856216177,653,1,1,0
23318.601273248976,7.295273878324378,25000.0,9.806768029295188,670,2,0,1
30393.568752035542,20.91531433290408,133879.50527190889,10.803060288694477,690,3,1,0
8866.391657319477,13.68205659398155,25000.0,11.63716089338192,651,2,1,0
24377.51723994804,13.542648824411383,25000.0,17.939051190230437,501,3,0,1
16228.123872683607,18.7794402462774,60528.45866186656,25.321793896666183,732,1,1,2
20350.32326346998,18.63332276525714,25000.0,6.2574565014877255,589,3,0,0
13221.65662061618,7.112467655635605,36465.661158079616,25.465750677652963,540,3,0,2
32767.05538720329,9.518715789481892,62642.02682664376,11.045851340189383,655,2,1,0
16267.48857919832,16.633324986251367,33946.3825564078,10.02473267282323,743,3,0,0
16287.787565927472,23.947670170006443,32692.24049563834,29.805756829182595,610,3,0,1
10447.93150404277,18.52772452190987,66197.59638145701,16.909764866224222,577,2,1,2
16935.667971372248,13.656623396538068,89725.31384840135,29.162901291379374,601,3,0,1
5812.879775104505,11.653420575057591,68786.55308935886,13.800602643230295,595,3,1,0
12782.703002938775,12.211700710423504,51306.5221625788,8.546558668732658,592,0,0,1
8197.947594013154,14.70555084801996,38161.40379006355,22.493906572987505,619,2,1,1
12145.483431401795,10.686898425910837,25000.0,5.0333628258856224,755,2,0,2
15600.566840781585,18.69604317254531,48748.0174212435,27.53531410862128,604,4,0,2
19890.98741603709,22.581874759207437,65132.52022456795,14.233127158794472,589,0,0,2
25879.22618281094,18.22797620873397,96377.02112357265,19.635029556320376,703,3,1,2
7708.693101632249,9.054438024917856,59825.55551149538,30.74069813021688,784,3,0,1
25490.203202490706,15.353279272512662,28236.45761136784,7.610516549083663,595,3,0,2
31631.125482748997,24.08442392304154,62581.89964797646,18.47116303790378,709,2,1,1
23662.601006836205,22.393144473321343,68068.61156743941,22.32895263033268,780,1,1,2
26673.56345784516,13.00200053075146,31216.627253824525,21.078052365563547,607,1,0,1
26977.16291630751,11.188345389483436,85227.625326697,24.133224255367747,618,3,0,1
31902.962738792758,22.68151208845632,43970.11581248415,34.3506436117057,558,4,0,0
25944.851420592357,15.862553917588142,33028.63219557731,27.711443440958764,510,4,1,0
31700.16025452699,17.744958952044264,86845.15465890999,13.056865023609278,767,2,0,1
6642.84916466094,17.868607808231012,44643.37027682042,13.822023865303334,779,0,1,0
16955.142031921205,20.11142390279964,41970.50389787103,18.61969733599097,618,0,1,2
19059.819259823787,18.85375432976768,86037.80593865016,12.96489222287217,794,4,0,2
15805.719242337887,19.09983441360805,26460.14494233616,8.890369346727061,676,3,0,2
10535.63058069132,14.838906633390645,40460.9053157923,16.20373835398116,520,3,0,2
12378.731851535244,9.96169977278938,172790.1399932606,22.19126601857047,722,1,1,1
14670.615349241689,18.17569997911392,25000.0,9.890573414446584,741,0,1,1
19683.58280832689,18.922674663445708,42414.49335530126,34.88473020496336,752,3,1,1
25059.29659773293,21.627130709052857,75997.70879956757,5.773087962930534,577,1,0,0
16660.31869068446,22.59986516954044,83271.85253316218,21.771778548398064,726,4,0,2
6542.77440452751,14.163479442039767,25000.0,12.569357812090612,517,1,1,0
12129.126319771987,22.56502702715941,95248.8673492878,7.017677419021036,536,2,1,1
7524.198949851465,6.467151412717229,25000.0,34.8689332849665,619,3,1,1
16308.332882747229,13.868465298049614,88195.8184025528,29.169464160900255,572,2,1,1
17444.585070129957,11.412585137276531,45086.233481941774,9.932165872366362,711,2,1,0
13423.170873225674,22.422806746953103,59367.64774704527,19.65486897979716,678,1,0,2
21662.951168078824,11.17985601393714,25000.0,32.946647429284425,748,2,0,1
15254.52055093628,12.990874274739603,65068.85933696705,28.394626520302044,539,1,1,0
29676.11728769507,16.13844838781069,55058.632773879,31.537606646888413,740,1,1,2
32253.51684000885,23.007237073424196,50506.84811506043,9.689509121265823,515,4,0,1
33104.89217974274,21.802243829839696,40614.57162819845,12.012223761102328,726,4,0,0
30853.56863040552,8.502846695636677,91893.96380455754,21.91758700266871,791,1,1,2
6906.750508580709,22.70324784368113,38476.80695723366,27.55240977187521,785,0,1,2
30476.70231482534,11.191931012965975,135541.1582712829,9.686197060598658,655,2,0,0
18222.882408146845,16.35551145904183,57693.34953504738,24.914734245581755,531,0,0,1
6544.362537499681,22.1610528527906,60498.75465330223,14.690820372622817,555,3,0,2
7819.4581952260705,6.185646100964489,60894.74220780191,9.418266906562728,628,0,1,1
5935.49405183854,11.675785898186689,63073.544293851824,6.247368795397813,633,3,1,2
9032.440308169227,15.616695393964635,60972.55534728792,5.4977744189779365,782,3,0,1
20692.935325104467,14.276082981445729,27333.60783241872,30.03715370766883,516,0,0,1
5329.874859754415,15.828112072390578,41445.885808348125,22.354775246879903,609,4,1,0
14430.6794322898,22.791931814305087,60059.45733270561,19.21763660348308,676,4,1,2
27424.12814401269,16.180726004988543,49221.20997984298,7.103244189237708,744,0,1,0
21557.205163234565,21.56458832910901,25000.0,5.973303381415609,589,3,1,2
24558.837785078016,9.108852602641717,42292.39269444567,33.25075959974092,759,3,1,2
32428.96419681497,21.67593879342118,25000.0,14.172318723418734,773,1,0,2
18380.17318873867,11.361554419170805,25000.0,16.878116785878497,626,2,1,2
7935.024819530045,6.582397541910315,49210.06043122312,30.14691263245402,591,4,0,0
26029.0739437736,6.569498207580881,66816.60939588334,16.392545687579524,788,1,1,2
22123.34914006736,14.496848269591878,70453.57038983674,16.37121456149105,645,3,0,2
21180.267257469524,8.460783504373278,39336.3911520252,13.158381182553462,681,4,0,1
8587.827378149052,23.911903708567387,46733.43616257823,10.09643018152206,631,1,1,1
23185.239033526403,8.030661538800132,25000.0,29.796532225743928,587,1,0,1
7915.294813123056,17.057456636373576,53534.190696052574,29.07920937058789,654,2,1,1
21752.127492074156,17.739097563823062,40750.48751747962,12.032768000345442,656,0,0,0
23546.54189948783,15.288085024881484,86844.55081602823,23.24958500023315,622,3,1,2
23602.18267785541,24.231956242099635,67555.40730344682,20.898217607906982,744,1,1,0
20963.404557959468,21.113549255004852,123014.83302437144,17.57548627706364,692,4,1,2
32161.45929257791,17.12173292353829,47432.53191695767,28.08346682246141,516,3,1,2
24355.18371228349,18.046108358892617,35540.27832275269,14.38333967631062,624,3,1,2
18204.57481218804,11.990516418781596,25000.0,10.503265892103036,720,4,0,0
14859.93636109748,8.32008836619051,96786.42812553264,32.318171516432656,716,0,1,2
30079.403615366176,14.594047405847702,91083.1152103538,13.209212535823148,698,4,0,0
31882.7389977048,24.15737846636532,28185.244894475425,12.921859540811564,657,4,1,0
6726.7628004993285,24.74597233621809,96227.22800401472,30.17541184940896,531,2,0,1
10545.63366576581,6.404118806157356,111851.32929712455,31.32051359398516,523,1,0,1
16390.772245018008,8.828872956316449,76543.11463181618,5.000921565361472,560,2,1,2
8564.537488042159,18.51882393442049,31019.30814166022,25.35499904877913,522,4,1,0
11048.819601432337,21.46543512061436,25000.0,34.21401240071448,642,0,0,2
14138.41307520112,12.457624311593255,29835.250246724085,15.00885187510597,538,3,1,1
11190.011552173775,7.284638708252083,105766.20003564254,26.442598293318376,729,3,0,2
24906.12116050132,14.209460775939723,33189.39377829915,27.41234801387087,571,2,1,1
7523.204183449923,8.653373840369945,75739.67966993665,10.204881510650662,514,2,1,2
9657.207377921375,6.820300980143221,61970.73599731803,31.71152962565798,729,2,0,0
24951.100236387665,10.191627101513014,33950.46940641896,26.907475685887132,778,1,1,0
18044.820158112387,15.432761894750696,50663.47250962826,10.698084093726829,679,4,0,1
16067.409187093172,19.11009292559265,54767.06821625362,25.27468775312221,544,1,1,0
26571.377155527363,9.505048809539147,42707.08974662202,7.580964710988296,760,1,0,2
6691.264899527813,21.257492058820603,49036.33217584731,21.400870462163905,502,1,1,2
31299.60807975035,10.333515667029715,28556.148736852807,20.968756278543637,549,0,1,1
20770.70546908057,17.466265665332642,82104.87990197974,34.86706701472063,744,3,1,0
18860.17410932398,7.266388770653109,74555.34780708191,25.13812475687397,590,0,1,2
34471.35850725819,11.788903642862774,34191.96180748379,15.374182952312747,611,0,0,0
13321.43548943398,10.318122917999878,29927.948061278945,12.399758474162194,629,4,0,1
10230.992870149745,16.259722214601254,79605.19861779414,24.630260164781596,507,4,1,1
34097.29556485983,24.76569215193629,83318.61210380383,8.516117170407004,651,0,1,0
11343.44020989634,15.8982015681688,54930.48197054488,31.585453163880352,532,1,1,1
28997.48256119568,9.041361064136886,45302.45220637184,25.388995471854308,663,3,0,0
34618.28387944833,10.626163634949686,87486.38766972876,8.596732804181363,644,3,1,0
8482.179215207487,24.930344405078092,57994.10783357622,16.144017878731304,593,1,0,1
27873.760572220715,20.0097844703682,35067.11050879258,25.39091650500036,554,1,1,2
15004.975150734326,17.685246392738463,95840.3714949806,30.966871495166103,721,3,1,2
18669.702583571387,10.513338486612222,35794.40807761794,18.40143581775561,717,1,1,2
6832.338795645913,24.888647863202184,42599.08633685577,17.096232683997567,775,3,1,0
30166.942593378026,20.523080582212984,95569.8836659334,21.68572077890035,525,1,0,0
16293.901006341488,18.302019568937457,115110.62271810556,17.89872859339465,638,1,0,1
24319.98629717047,15.61120116608475,25000.0,23.02736016977258,585,2,0,0
8406.727765988871,21.313858445728,25000.0,8.561272865273343,647,0,1,1
11859.284165103882,16.77893217294917,91442.63113090236,29.029421012100947,625,3,0,1
23724.46723547402,24.9303524149177,82577.59193570854,12.634439948547808,702,2,1,2
20080.370696865844,18.51058485851009,54597.81098960151,25.00542173916974,513,0,1,2
7560.490042359315,8.308526149717444,55512.32780265757,30.483392186772065,673,4,1,1
27845.31895152417,15.796324543005754,82243.20764794525,8.347789998717424,533,2,1,1
33896.67618321834,20.8653241971072,57897.30766707898,26.48149919726433,637,4,1,2
10611.3124567257,20.531386217156918,69608.90533015477,10.435498371502485,602,1,1,0
28169.55175206918,18.029876136286425,28531.64403663371,7.017025402716834,786,2,0,0
26479.166865421925,17.216606118716683,96241.12267249305,9.298443761079232,727,1,1,0
20731.708079827404,9.371146619924431,90273.28785701536,13.877960883098485,594,1,1,2
26059.006317731106,8.70741531512875,74976.3983220355,11.88097331113017,758,3,1,1
10595.555311995628,15.641886941455889,37748.770237560966,6.210524805790991,666,2,1,2
25880.89390024919,15.3402963880873,83869.97722654819,27.12278257312032,625,1,0,1
17845.524449519427,8.493652675965365,93489.48818794636,5.952312961189659,734,1,1,2
25818.453334013,6.730100630284175,25000.0,25.17151529875111,785,3,1,0
20045.488840615988,7.993673389945322,114297.43720154512,16.5679277754,768,4,0,2
9848.861422838414,6.420347479050948,66617.43171308943,34.43353723603807,622,1,1,1
14540.104249155916,22.38042472804356,129214.02456207538,33.17205438350875,568,2,0,2
33243.94426329575,19.92914742589034,30556.409581291,29.77132854682001,753,1,0,2
5431.804658892676,10.340640085294677,48250.26243523872,31.68557933131289,728,4,1,1
7117.062422012896,15.246709887069354,25000.0,11.894801773928553,723,1,0,0
23402.45587807369,21.446729035605777,61962.14480894932,14.41634229545082,702,0,1,1
32432.358377748795,19.977599170544607,29874.294742591737,10.599198193930476,739,4,0,1
17355.227424418055,14.736208051617083,100258.23711076184,31.052285718408022,724,3,0,2
21280.882494747453,20.014063730188937,31223.47110371756,7.061410331718829,689,4,1,0
23967.928637585912,10.267696625033189,28065.419757543248,11.999984679479798,531,1,0,2
7833.288822677852,22.233316774022004,170152.36883133612,16.021721860912116,574,2,1,1
12272.291972452407,8.781105851082733,52188.29747914302,21.39375625184373,605,3,0,1
19748.47625350497,10.89597488171306,37728.40227117074,15.842113372015593,734,4,1,1
27823.551458506925,17.546999102698322,25914.654101536657,31.71228551657985,614,4,1,1
19204.15312341697,14.78983617804701,45900.62982557136,30.79384024434937,729,1,0,0
7983.241782780355,19.802772587147093,140049.37843637078,13.15863678194596,667,3,1,0
34715.154260020194,10.484958803582815,57611.42425321399,18.749707837627263,740,1,0,2
33518.21440812668,11.125242618822805,68416.04687984652,5.913910589268804,615,2,0,1
34545.23596887004,18.545751674325423,25000.0,29.698196380400905,555,0,1,2
24272.578346189468,22.59504152355155,25000.0,21.579868033302446,569,3,1,2
18573.1854839808,17.43575020309012,47610.49928245889,23.09450360368841,525,4,1,2
8044.1462859809635,18.9826121555236,128974.10861562678,22.79474657118405,600,2,0,0
13796.323150941937,6.747527272701683,43610.578750038665,23.453874216235995,556,2,0,0
22905.28546750668,21.99673776904437,28118.17158699763,23.409137089681515,642,1,0,0
19162.008353299974,14.75025044820866,25000.0,5.835567224632232,511,1,1,0
22573.2674382039,14.012697610595652,53410.67209026728,24.85001778887567,580,3,0,2
32797.62875484483,18.19745850842205,75426.31024903683,19.32051194367204,559,4,0,1
16678.868421259296,13.292826086727835,59678.5366415417,19.354732103215674,613,1,0,0
32327.815534815272,17.023275015319314,57384.918128097735,17.07218777897935,617,4,1,0
10643.63479171284,7.39072255160043,96049.44600421372,19.128807573042003,535,3,0,2
9630.88145822607,24.299187120194304,45409.22366281246,27.71848934826502,602,1,0,2
15990.855298810751,24.450106658141987,47983.62618847251,7.071377189437992,632,3,1,2
29437.241606941465,17.854020889541133,27208.93473680639,26.28316593901924,712,1,0,2
26187.266814694885,9.83521559033602,79240.7301464074,27.52308947633167,581,4,1,0
5762.573802322856,20.812104997768312,69409.56102440356,31.6738377182003,632,4,0,2
14755.499660802412,14.880628713747525,63206.31141789671,20.540241992138743,794,1,0,1
27601.345557768247,21.92419050331409,31352.78610597093,5.574664566537587,792,1,1,0
11149.528862474628,19.928354624563823,42589.17192612089,14.705912374564743,523,4,1,0
22959.7545259111,19.912272841781665,61109.29761796408,10.150817231163488,780,1,0,0
21281.733300427884,23.133477850573048,39568.25678745269,29.78194053644857,715,4,0,0
31143.817705631533,17.02163794891841,36211.60937123109,16.483962933091632,687,4,1,1
12255.56872701355,19.45526968426035,44298.538569444005,34.72037471197297,664,2,1,0
24005.89132282684,12.367258230923696,35553.827277132645,27.44551736146539,796,0,0,1
16199.279488392587,21.53792126728196,42717.56844360342,7.081822577125502,680,2,1,2
11738.14468819946,24.61943625781816,60250.89638068409,22.82725481925792,645,1,1,0
9020.456853519225,17.608638788168843,40248.53620270007,10.17571630839086,536,2,0,2
11966.38085440452,13.906925965415468,63009.38310973374,7.860827638190106,718,3,0,0
21656.02434798387,7.288904122998266,136812.6873352869,22.608095196767213,739,1,0,0
13794.431907830398,17.7037235549434,30630.16542760444,24.95167967019893,704,4,0,1
34698.80697169836,8.007629000973134,38083.74858495418,23.073483258997637,722,0,0,1
34606.608098015524,11.457540841427551,25000.0,24.70188454164824,782,4,1,2
31761.3966553134,24.695575311236738,25000.0,5.5743460399051,772,4,0,0
15892.468891959054,11.804961902502448,48999.964041914456,30.33997727270673,773,1,1,2
8215.16034019328,23.6163785701096,25000.0,10.046109672995543,680,1,1,0
13306.329444416113,18.574944607138196,64848.88685432394,30.00932031425517,766,4,1,2
29065.90942262119,8.099008149496498,97642.43136500094,18.927155592176742,735,0,0,2
31844.820512829465,21.17688147969964,27667.198893630608,6.996941837426686,588,4,0,2
12431.929685034724,15.46571861260964,129230.08433677934,21.14068116091709,702,4,0,2
20176.66036653398,15.732216495440817,25000.0,9.68604523791798,549,0,1,0
9178.162179901616,24.54160134329102,70546.95782265549,15.03203536966246,535,2,0,2
19778.753128725773,23.688025214632574,30023.834284317272,25.036037201024403,652,4,0,2
11932.243897642142,19.088820738951725,48332.945544030415,25.9349835651551,516,4,1,1
29205.04217801792,14.622001286289146,38754.83726155924,9.561457022734754,593,2,1,1
10457.843914858136,9.131481498859303,25000.0,22.30643603933625,789,1,1,2
16676.050362024893,22.039238530414742,92377.0717348273,22.907320716399685,761,1,0,1
10198.829602125374,19.900200913351306,38311.73125010907,18.78752171640869,799,0,0,0
31890.074555633597,9.572469957692906,32392.27892541696,21.6973528550646,779,2,1,0
32190.63155284208,16.841585186137763,55713.414091899096,5.903116166339569,763,2,0,2
31941.628683221414,22.08377243511528,109565.36941487502,18.96010801818458,631,0,0,1
23450.216800975093,11.110874684266856,128969.64904664533,34.91713699710808,586,4,1,1
22501.753842983613,18.09672396117694,49228.986976388886,27.138528421927763,717,3,1,0
34231.844229985,13.215929823405366,80423.27946171707,32.13079324981572,715,4,0,2
14127.267288786132,9.430931557419337,25000.0,16.75578119564078,606,0,1,0
9693.111280132582,7.550969658581202,25249.89304640108,14.19390404128461,716,0,1,1
16773.353222679063,14.545908327605128,34251.782399068754,6.517193114726866,500,2,1,0
10115.723710618746,17.32912769115901,50868.9455822466,21.06969798042736,643,2,0,2
31913.307798577312,24.40867925042814,89377.80423323484,32.87418560046388,572,4,1,0
16792.931740002812,11.210088844624732,32355.76244110896,10.091852857307694,763,1,1,1
13833.46676208757,21.13420852854735,32046.90660332587,31.429190169189724,670,1,1,1
25652.07189283208,19.83084683250154,25000.0,18.98544773382671,545,4,0,0
13399.372809808525,15.25417645755978,73997.83197885039,8.611627363672671,775,4,1,2
25902.11496092452,13.430549196383453,46001.57837660762,31.222153199155557,707,0,1,0
6689.098270455121,10.097827895556629,25000.0,23.343908336769825,574,4,0,2
33417.45732151576,9.365845999500332,28879.151409958245,16.61967553925942,503,4,1,2
21476.799941183614,10.694961446192782,40748.708686357,6.709361809921049,763,4,0,0
32519.407263867284,24.175677800585703,90475.1021305626,26.063223623413776,511,1,0,2
16119.264412006729,14.431254166786852,93161.5296058128,21.97344664522989,617,1,0,2
20322.419077326973,10.935321891446195,48314.28908537392,22.85909797782467,616,1,1,1
19225.21487261976,7.371769770604341,68034.52315641599,19.49542589941005,780,2,0,1
27381.346377962695,8.025267575851824,80634.74420557817,33.41484388700744,624,1,0,1
11280.47970010131,7.142704509414919,53693.90619335271,12.660091212897324,600,3,0,2
12261.658145345013,20.301616151595184,153265.83263679958,30.34614043265687,523,4,0,0
17311.48769106889,13.528598359150516,26797.783579788105,14.414804246732466,747,4,1,1
11838.054876258251,18.44959763214141,101752.13770758474,14.735354005260264,524,4,1,2
20065.85030993728,22.85157310397612,31791.60270440923,27.02453777124939,510,1,1,0
13357.71017095876,12.144059680194896,56298.35208390096,17.23244315008197,512,3,1,1
24905.053073241677,14.472151421158218,107898.76141267252,6.600439909666931,719,0,1,1
12763.399448000508,22.833577216487555,71075.11514755784,16.634782697507937,761,3,0,0
34788.943883579006,18.68427432570811,103091.045304213,7.368182088396667,798,1,1,2
13077.296928481428,24.857186541009128,25000.0,20.07281861499129,561,2,0,2
16645.097786195656,23.334903566717127,71885.55797409352,10.558110661499711,772,4,1,1
15370.018499715896,7.978083338299161,119840.63088857949,14.098576725478488,526,4,1,0
30985.28437324805,22.134717379741065,41661.21334681767,23.94256763655129,790,3,1,2
17642.736517774938,20.16894187189341,34612.42688805047,8.1030234458145,694,1,0,1
26074.52251961328,15.118837859625346,27110.93100636732,6.871822057948317,782,1,0,0
6393.512381599932,21.749394008862872,97653.65934142584,5.299363299753481,786,4,0,2
29110.162306973438,7.738249910557343,81175.76458538037,29.654928397560777,671,3,1,1
12420.44305229593,18.941239225334677,117181.64376378316,31.951593997521044,570,1,1,1
30821.9174976903,13.760611048343277,37836.435231377545,25.839228766811832,555,0,1,0
21789.20993924653,23.81037326344526,60135.37380606956,6.512503208066276,529,1,0,2
21838.31592708489,15.741081709313663,63385.11022355333,27.499333953562125,516,3,1,2
5791.00923491756,6.1436946245847,45226.22979412851,15.26322862590782,733,4,0,2
22586.89496050392,20.01124160570823,35752.62937610265,34.7774538646329,680,3,1,2
11863.944964748673,19.224391743022053,108041.32160709886,11.447379111091877,735,1,1,2
13596.237563848532,6.630859067035964,45382.30240375704,13.351054449879696,580,4,0,2
24498.91792333296,24.74658927207578,49578.36230929987,11.323793046500858,506,4,0,0
25899.52471630677,7.353877827539913,92592.35246270712,30.98304636133504,728,1,0,1
30489.421720322345,9.441837641158926,37348.60926223518,24.71091494702322,572,4,0,0
32963.54847450837,19.610144373190963,74316.43076817076,24.782688862459928,718,2,1,0
10126.627621701977,18.178469469561307,25000.0,34.70996911380945,514,4,0,1
27654.11767020857,21.957364754467687,35366.8987717006,13.89072840539865,537,4,0,2
33507.12061462407,7.084039701873833,25000.0,25.269887066212192,793,0,1,0
16583.079134023228,8.499786017417936,33775.5160258539,13.57122702982671,554,4,0,0
22869.162218235328,7.165642915102695,25780.348437549084,9.063786103840725,702,3,0,0
25728.132143073977,20.81706250787173,61106.43067842195,11.960545409264322,600,2,0,1
21828.13914606159,22.799922803619747,131347.7640269516,24.761529161810664,596,4,0,1
20831.033272589,12.213630069701535,144394.83107295528,15.199155913797446,678,1,1,0
21121.86808813769,18.234180817281484,39503.273170283,8.778655891380748,642,2,1,0
32000.559255443157,8.801598007419395,60115.9680596172,26.01834489183355,582,4,1,1
12867.921328994751,23.87290565719147,70552.35631399637,19.943898306441277,722,1,0,2
33031.010443070445,18.566041610337876,25000.0,30.51723584045348,600,0,0,2
9600.542093482409,8.853211015523792,65855.04441015956,7.43688904420018,669,2,1,0
5325.129544408951,21.307732906051008,56046.856802857656,34.98673109751316,550,2,0,2
6356.560103185682,9.719781727987376,25000.0,10.538973720421076,502,4,1,1
18422.37100470364,10.458199555253618,41773.13056862754,31.37990647035422,708,4,0,2
7565.255925634043,20.892043905222547,29759.58890161308,9.037288013123232,537,2,1,1
11659.164857988482,16.735417864321306,26587.63127015604,20.764109220676797,777,3,0,0
17311.904809689848,21.010578289834164,114893.60471430256,26.85112563018938,598,0,1,0
12117.472624904003,10.194622642986449,44111.17861031541,25.726519296524685,541,0,1,0
12274.11510904189,8.895904253277932,69782.040893995,11.94141909130544,747,3,0,2
29463.842853645023,6.339604759934862,93716.43372261208,24.850528651995692,553,4,0,2
31707.91351672749,14.525178829828082,38346.96012890018,34.042291443522004,520,0,0,1
22501.06295291479,18.499060787457687,43638.903636857656,31.54565353088013,626,4,1,1
6550.451635058231,6.600136751687199,25000.0,9.407657707513124,564,4,1,1
18876.041483994435,9.817740084522072,165076.40916462737,24.744794728927204,678,1,1,1
12392.060997173205,14.300163349688413,32024.35823777797,26.052148216317715,699,2,1,0
16945.0608077283,20.71804183211797,116902.9681842788,8.085277764724301,511,0,1,2
26217.15902940196,24.17352656769012,73875.87462695566,19.030436374546312,557,2,1,2
33194.963708404255,10.088835568327513,56960.887310718565,6.538815469436468,694,1,0,2
23727.13987741976,8.605084408850981,26934.509477625736,11.33377827674112,672,4,0,2
25840.894125632803,9.019255185717718,40737.74457975014,32.34017570235892,623,0,0,2
9106.568902064218,14.36378096115432,78764.93091453663,25.80266384168927,781,2,1,1
5795.339316248655,23.11333541621391,25000.0,16.165197657406914,621,0,1,0
26122.393042976702,12.715006206751644,50239.23153962772,29.56220688452152,772,4,1,0
9680.559213273096,21.324661809367544,84808.47651942809,20.00338256229881,575,0,0,0
26601.09609638223,10.838741818874972,41094.09973425351,17.339119161986936,700,3,1,2
29251.920443493837,19.229486741684653,39331.59018825921,19.55283979938621,601,3,1,2
10454.74901621302,19.405928277798083,51031.29905034496,25.762209410731067,799,1,1,1
23343.62706303944,18.924327804958715,94683.17783834173,34.65262981890443,613,2,0,0
20889.517350680195,11.718307771989508,46042.97455824602,22.42851139664538,703,2,1,0
9557.08080536883,19.63435754750535,50540.61862204992,29.252172166810727,721,3,0,2
32247.976578999613,19.45889655758566,71742.08982028173,31.64354566802108,693,3,0,1
11707.87515558358,22.544315556407923,50815.64599426185,5.308534878070761,625,3,0,1
18747.5867147455,17.836365087706174,25000.0,11.561294009707495,725,3,1,1
13428.89568776691,19.213876927107385,25000.0,22.856385023806244,550,0,0,1
15231.990531507756,24.2968480733209,48452.93708676326,27.8690787350288,679,3,0,1
8123.257459537215,20.46130920382,39272.65847765579,25.29083203618172,683,0,1,2
18174.047257106555,12.987427666668502,139154.45723019078,29.970906189829847,793,3,0,1
17025.542502909197,17.664738110441174,32984.971126888464,15.814235154246616,536,1,0,0
6363.391410243736,13.527281140575852,48274.33889713679,9.88372967618688,722,1,1,1
22264.22533627637,17.25465624327388,186984.3285380531,22.126322505184287,735,4,1,2
23094.563283991647,13.788192904229476,42067.322215429886,33.904398424229825,715,2,1,2
10768.670564260125,7.62750674233218,44112.00988449369,20.94716458060193,786,1,0,0
27908.173824792822,13.438988265378756,93319.72960795397,20.433839832196824,684,0,1,1
31776.76995469933,11.046400809185414,42473.71701774527,28.887243516241057,517,3,0,1
14759.90992289793,17.92260380114903,25000.0,34.91547061708852,781,2,1,0
27518.44254922575,24.42659985649235,58972.72475457338,27.50797291816527,535,4,1,0
